run_id,request_name,method,endpoint,host,status_code,response_time_ms,response_size_bytes,completed
2026-08-16T18-35-14,Health Check (Ping),GET,/ping,restful-booker.herokuapp.com,201,1351,7,1
2026-08-16T18-35-14,Get All Bookings,GET,/booking,restful-booker.herokuapp.com,200,552,30862,1
2026-08-16T18-35-14,Get Single Booking,GET,/booking/1,restful-booker.herokuapp.com,200,261,170,1
2026-08-16T18-35-14,Get Token (Authentication),POST,/auth,restful-booker.herokuapp.com,200,262,27,1
2026-08-16T18-35-14,Create Booking,POST,/booking,restful-booker.herokuapp.com,200,272,197,1
2026-08-16T18-35-14,Update Booking - Full Update,PUT,/booking/2425,restful-booker.herokuapp.com,200,261,173,1
2026-08-16T18-35-14,Partial Update,PATCH,/booking/2425,restful-booker.herokuapp.com,200,291,171,1
2026-08-16T18-35-14,Delete Booking,DELETE,/booking/2425,restful-booker.herokuapp.com,201,395,7,1
2026-08-16T18-35-14,Verify Deletion (Negative Test),GET,/booking/2425,restful-booker.herokuapp.com,404,264,9,1
2026-08-16T18-36-28,Health Check (Ping),GET,/ping,restful-booker.herokuapp.com,201,2369,7,1
2026-08-16T18-36-28,Get All Bookings,GET,/booking,restful-booker.herokuapp.com,200,696,35802,1
2026-08-16T18-36-28,Get Single Booking,GET,/booking/1,restful-booker.herokuapp.com,200,268,175,1
2026-08-16T18-36-28,Get Token (Authentication),POST,/auth,restful-booker.herokuapp.com,200,278,27,1
2026-08-16T18-36-28,Create Booking,POST,/booking,restful-booker.herokuapp.com,200,279,197,1
2026-08-16T18-36-28,Update Booking - Full Update,PUT,/booking/2802,restful-booker.herokuapp.com,200,331,173,1
2026-08-16T18-36-28,Partial Update,PATCH,/booking/2802,restful-booker.herokuapp.com,200,271,171,1
2026-08-16T18-36-28,Delete Booking,DELETE,/booking/2802,restful-booker.herokuapp.com,201,310,7,1
2026-08-16T18-36-28,Verify Deletion (Negative Test),GET,/booking/2802,restful-booker.herokuapp.com,404,267,9,1
2026-08-16T18-37-12,Health Check (Ping),GET,/ping,restful-booker.herokuapp.com,201,1844,7,1
2026-08-16T18-37-12,Get All Bookings,GET,/booking,restful-booker.herokuapp.com,200,771,40685,1
2026-08-16T18-37-12,Get Single Booking,GET,/booking/1,restful-booker.herokuapp.com,200,266,175,1
2026-08-16T18-37-12,Get Token (Authentication),POST,/auth,restful-booker.herokuapp.com,200,268,27,1
2026-08-16T18-37-12,Create Booking,POST,/booking,restful-booker.herokuapp.com,200,331,197,1
2026-08-16T18-37-12,Update Booking - Full Update,PUT,/booking/3172,restful-booker.herokuapp.com,200,261,173,1
2026-08-16T18-37-12,Partial Update,PATCH,/booking/3172,restful-booker.herokuapp.com,200,262,171,1
2026-08-16T18-37-12,Delete Booking,DELETE,/booking/3172,restful-booker.herokuapp.com,201,263,7,1
2026-08-16T18-37-12,Verify Deletion (Negative Test),GET,/booking/3172,restful-booker.herokuapp.com,404,268,9,1
2026-08-16T18-37-54,Health Check (Ping),GET,/ping,restful-booker.herokuapp.com,201,1122,7,1
2026-08-16T18-37-54,Get All Bookings,GET,/booking,restful-booker.herokuapp.com,200,864,46442,1
2026-08-16T18-37-54,Get Single Booking,GET,/booking/1,restful-booker.herokuapp.com,200,304,175,1
2026-08-16T18-37-54,Get Token (Authentication),POST,/auth,restful-booker.herokuapp.com,200,256,27,1
2026-08-16T18-37-54,Create Booking,POST,/booking,restful-booker.herokuapp.com,200,427,197,1
2026-08-16T18-37-54,Update Booking - Full Update,PUT,/booking/3614,restful-booker.herokuapp.com,200,362,173,1
2026-08-16T18-37-54,Partial Update,PATCH,/booking/3614,restful-booker.herokuapp.com,200,374,171,1
2026-08-16T18-37-54,Delete Booking,DELETE,/booking/3614,restful-booker.herokuapp.com,201,256,7,1
2026-08-16T18-37-54,Verify Deletion (Negative Test),GET,/booking/3614,restful-booker.herokuapp.com,404,332,9,1
2026-08-16T18-38-46,Health Check (Ping),GET,/ping,restful-booker.herokuapp.com,201,1387,7,1
2026-08-16T18-38-46,Get All Bookings,GET,/booking,restful-booker.herokuapp.com,200,576,51287,1
2026-08-16T18-38-46,Get Single Booking,GET,/booking/1,restful-booker.herokuapp.com,200,272,175,1
2026-08-16T18-38-46,Get Token (Authentication),POST,/auth,restful-booker.herokuapp.com,200,301,27,1
2026-08-16T18-38-46,Create Booking,POST,/booking,restful-booker.herokuapp.com,200,265,197,1
2026-08-16T18-38-46,Update Booking - Full Update,PUT,/booking/3990,restful-booker.herokuapp.com,200,257,173,1
2026-08-16T18-38-46,Partial Update,PATCH,/booking/3990,restful-booker.herokuapp.com,200,309,171,1
2026-08-16T18-38-46,Delete Booking,DELETE,/booking/3990,restful-booker.herokuapp.com,201,272,7,1
2026-08-16T18-38-46,Verify Deletion (Negative Test),GET,/booking/3990,restful-booker.herokuapp.com,404,353,9,1
2026-08-16T18-39-28,Health Check (Ping),GET,/ping,restful-booker.herokuapp.com,201,2157,7,1
2026-08-16T18-39-28,Get All Bookings,GET,/booking,restful-booker.herokuapp.com,200,955,58830,1
2026-08-16T18-39-28,Get Single Booking,GET,/booking/1,restful-booker.herokuapp.com,200,266,197,1
2026-08-16T18-39-28,Get Token (Authentication),POST,/auth,restful-booker.herokuapp.com,200,266,27,1
2026-08-16T18-39-28,Create Booking,POST,/booking,restful-booker.herokuapp.com,200,327,197,1
2026-08-16T18-39-28,Update Booking - Full Update,PUT,/booking/4569,restful-booker.herokuapp.com,200,386,173,1
2026-08-16T18-39-28,Partial Update,PATCH,/booking/4569,restful-booker.herokuapp.com,200,305,171,1
2026-08-16T18-39-28,Delete Booking,DELETE,/booking/4569,restful-booker.herokuapp.com,201,271,7,1
2026-08-16T18-39-28,Verify Deletion (Negative Test),GET,/booking/4569,restful-booker.herokuapp.com,404,472,9,1
2026-08-16T18-40-35,Health Check (Ping),GET,/ping,restful-booker.herokuapp.com,201,2103,7,1
2026-08-16T18-40-35,Get All Bookings,GET,/booking,restful-booker.herokuapp.com,200,294,502,1
2026-08-16T18-40-35,Get Single Booking,GET,/booking/1,restful-booker.herokuapp.com,200,261,172,1
2026-08-16T18-40-35,Get Token (Authentication),POST,/auth,restful-booker.herokuapp.com,200,257,27,1
2026-08-16T18-40-35,Create Booking,POST,/booking,restful-booker.herokuapp.com,200,473,195,1
2026-08-16T18-40-35,Update Booking - Full Update,PUT,/booking/47,restful-booker.herokuapp.com,200,403,173,1
2026-08-16T18-40-35,Partial Update,PATCH,/booking/47,restful-booker.herokuapp.com,200,410,171,1
2026-08-16T18-40-35,Delete Booking,DELETE,/booking/47,restful-booker.herokuapp.com,201,568,7,1
2026-08-16T18-40-35,Verify Deletion (Negative Test),GET,/booking/47,restful-booker.herokuapp.com,404,453,9,1
2026-08-16T18-41-19,Health Check (Ping),GET,/ping,restful-booker.herokuapp.com,201,1398,7,1
2026-08-16T18-41-19,Get All Bookings,GET,/booking,restful-booker.herokuapp.com,200,396,5866,1
2026-08-16T18-41-19,Get Single Booking,GET,/booking/1,restful-booker.herokuapp.com,200,280,172,1
2026-08-16T18-41-19,Get Token (Authentication),POST,/auth,restful-booker.herokuapp.com,200,269,27,1
2026-08-16T18-41-19,Create Booking,POST,/booking,restful-booker.herokuapp.com,200,411,196,1
2026-08-16T18-41-19,Update Booking - Full Update,PUT,/booking/466,restful-booker.herokuapp.com,200,353,173,1
2026-08-16T18-41-19,Partial Update,PATCH,/booking/466,restful-booker.herokuapp.com,200,369,171,1
2026-08-16T18-41-19,Delete Booking,DELETE,/booking/466,restful-booker.herokuapp.com,201,259,7,1
2026-08-16T18-41-19,Verify Deletion (Negative Test),GET,/booking/466,restful-booker.herokuapp.com,404,325,9,1
2026-08-16T18-42-05,Health Check (Ping),GET,/ping,restful-booker.herokuapp.com,201,1228,7,1
2026-08-16T18-42-05,Get All Bookings,GET,/booking,restful-booker.herokuapp.com,200,261,10728,1
2026-08-16T18-42-05,Get Single Booking,GET,/booking/2,restful-booker.herokuapp.com,200,398,173,1
2026-08-16T18-42-05,Get Token (Authentication),POST,/auth,restful-booker.herokuapp.com,200,392,27,1
2026-08-16T18-42-05,Create Booking,POST,/booking,restful-booker.herokuapp.com,200,376,196,1
2026-08-16T18-42-05,Update Booking - Full Update,PUT,/booking/861,restful-booker.herokuapp.com,200,355,173,1
2026-08-16T18-42-05,Partial Update,PATCH,/booking/861,restful-booker.herokuapp.com,200,273,171,1
2026-08-16T18-42-05,Delete Booking,DELETE,/booking/861,restful-booker.herokuapp.com,201,271,7,1
2026-08-16T18-42-05,Verify Deletion (Negative Test),GET,/booking/861,restful-booker.herokuapp.com,404,265,9,1
2026-08-16T18-42-50,Health Check (Ping),GET,/ping,restful-booker.herokuapp.com,201,2259,7,1
2026-08-16T18-42-50,Get All Bookings,GET,/booking,restful-booker.herokuapp.com,200,716,15586,1
2026-08-16T18-42-50,Get Single Booking,GET,/booking/2,restful-booker.herokuapp.com,200,281,173,1
2026-08-16T18-42-50,Get Token (Authentication),POST,/auth,restful-booker.herokuapp.com,200,275,27,1
2026-08-16T18-42-50,Create Booking,POST,/booking,restful-booker.herokuapp.com,200,272,197,1
2026-08-16T18-42-50,Update Booking - Full Update,PUT,/booking/1248,restful-booker.herokuapp.com,200,360,173,1
2026-08-16T18-42-50,Partial Update,PATCH,/booking/1248,restful-booker.herokuapp.com,200,373,171,1
2026-08-16T18-42-50,Delete Booking,DELETE,/booking/1248,restful-booker.herokuapp.com,201,280,7,1
2026-08-16T18-42-50,Verify Deletion (Negative Test),GET,/booking/1248,restful-booker.herokuapp.com,404,295,9,1
2026-08-16T18-43-35,Health Check (Ping),GET,/ping,restful-booker.herokuapp.com,201,2577,7,1
2026-08-16T18-43-35,Get All Bookings,GET,/booking,restful-booker.herokuapp.com,200,609,20773,1
2026-08-16T18-43-35,Get Single Booking,GET,/booking/2,restful-booker.herokuapp.com,200,272,173,1
2026-08-16T18-43-35,Get Token (Authentication),POST,/auth,restful-booker.herokuapp.com,200,273,27,1
2026-08-16T18-43-35,Create Booking,POST,/booking,restful-booker.herokuapp.com,200,264,197,1
2026-08-16T18-43-35,Update Booking - Full Update,PUT,/booking/1642,restful-booker.herokuapp.com,200,264,173,1
2026-08-16T18-43-35,Partial Update,PATCH,/booking/1642,restful-booker.herokuapp.com,200,271,171,1
2026-08-16T18-43-35,Delete Booking,DELETE,/booking/1642,restful-booker.herokuapp.com,201,313,7,1
2026-08-16T18-43-35,Verify Deletion (Negative Test),GET,/booking/1642,restful-booker.herokuapp.com,404,371,9,1
2026-08-16T18-44-20,Health Check (Ping),GET,/ping,restful-booker.herokuapp.com,201,1266,7,1
2026-08-16T18-44-20,Get All Bookings,GET,/booking,restful-booker.herokuapp.com,200,626,24098,1
2026-08-16T18-44-20,Get Single Booking,GET,/booking/2,restful-booker.herokuapp.com,200,330,173,1
2026-08-16T18-44-20,Get Token (Authentication),POST,/auth,restful-booker.herokuapp.com,200,370,27,1
2026-08-16T18-44-20,Create Booking,POST,/booking,restful-booker.herokuapp.com,200,324,197,1
2026-08-16T18-44-20,Update Booking - Full Update,PUT,/booking/1902,restful-booker.herokuapp.com,200,274,173,1
2026-08-16T18-44-20,Partial Update,PATCH,/booking/1902,restful-booker.herokuapp.com,200,272,171,1
2026-08-16T18-44-20,Delete Booking,DELETE,/booking/1902,restful-booker.herokuapp.com,201,272,7,1
2026-08-16T18-44-20,Verify Deletion (Negative Test),GET,/booking/1902,restful-booker.herokuapp.com,404,376,9,1
2026-08-16T18-44-50,Health Check (Ping),GET,/ping,restful-booker.herokuapp.com,201,2179,7,1
2026-08-16T18-44-50,Get All Bookings,GET,/booking,restful-booker.herokuapp.com,200,566,29117,1
2026-08-16T18-44-50,Get Single Booking,GET,/booking/3,restful-booker.herokuapp.com,200,360,172,1
2026-08-16T18-44-50,Get Token (Authentication),POST,/auth,restful-booker.herokuapp.com,200,373,27,1
2026-08-16T18-44-50,Create Booking,POST,/booking,restful-booker.herokuapp.com,200,375,197,1
2026-08-16T18-44-50,Update Booking - Full Update,PUT,/booking/2287,restful-booker.herokuapp.com,200,357,173,1
2026-08-16T18-44-50,Partial Update,PATCH,/booking/2287,restful-booker.herokuapp.com,200,372,171,1
2026-08-16T18-44-50,Delete Booking,DELETE,/booking/2287,restful-booker.herokuapp.com,201,249,7,1
2026-08-16T18-44-50,Verify Deletion (Negative Test),GET,/booking/2287,restful-booker.herokuapp.com,404,246,9,1
2026-08-16T18-45-35,Health Check (Ping),GET,/ping,restful-booker.herokuapp.com,201,2748,7,1
2026-08-16T18-45-35,Get All Bookings,GET,/booking,restful-booker.herokuapp.com,200,602,35330,1
2026-08-16T18-45-35,Get Single Booking,GET,/booking/3,restful-booker.herokuapp.com,200,259,172,1
2026-08-16T18-45-35,Get Token (Authentication),POST,/auth,restful-booker.herokuapp.com,200,265,27,1
2026-08-16T18-45-35,Create Booking,POST,/booking,restful-booker.herokuapp.com,200,257,197,1
2026-08-16T18-45-35,Update Booking - Full Update,PUT,/booking/2768,restful-booker.herokuapp.com,200,260,173,1
2026-08-16T18-45-35,Partial Update,PATCH,/booking/2768,restful-booker.herokuapp.com,200,267,171,1
2026-08-16T18-45-35,Delete Booking,DELETE,/booking/2768,restful-booker.herokuapp.com,201,371,7,1
2026-08-16T18-45-35,Verify Deletion (Negative Test),GET,/booking/2768,restful-booker.herokuapp.com,404,270,9,1
2026-08-16T18-46-30,Health Check (Ping),GET,/ping,restful-booker.herokuapp.com,201,2624,7,1
2026-08-16T18-46-30,Get All Bookings,GET,/booking,restful-booker.herokuapp.com,200,797,40346,1
2026-08-16T18-46-30,Get Single Booking,GET,/booking/3,restful-booker.herokuapp.com,200,272,172,1
2026-08-16T18-46-30,Get Token (Authentication),POST,/auth,restful-booker.herokuapp.com,200,270,27,1
2026-08-16T18-46-30,Create Booking,POST,/booking,restful-booker.herokuapp.com,200,264,197,1
2026-08-16T18-46-30,Update Booking - Full Update,PUT,/booking/3147,restful-booker.herokuapp.com,200,266,173,1
2026-08-16T18-46-30,Partial Update,PATCH,/booking/3147,restful-booker.herokuapp.com,200,265,171,1
2026-08-16T18-46-30,Delete Booking,DELETE,/booking/3147,restful-booker.herokuapp.com,201,278,7,1
2026-08-16T18-46-30,Verify Deletion (Negative Test),GET,/booking/3147,restful-booker.herokuapp.com,404,285,9,1
