run_id,request_name,assertion,passed,error_message
2026-08-16T18-35-14,Health Check (Ping),Server is up and running,1,
2026-08-16T18-35-14,Health Check (Ping),Response time is under 3 seconds,1,
2026-08-16T18-35-14,Get All Bookings,Status code is 200,1,
2026-08-16T18-35-14,Get All Bookings,Response is an array,1,
2026-08-16T18-35-14,Get All Bookings,Each item has a bookingid,1,
2026-08-16T18-35-14,Get All Bookings,Booking ID saved to environment: 1,1,
2026-08-16T18-35-14,Get Single Booking,Status is 200,1,
2026-08-16T18-35-14,Get Single Booking,Response has required fields,1,
2026-08-16T18-35-14,Get Single Booking,Price is a positive number,1,
2026-08-16T18-35-14,Get Single Booking,Checkin is before checkout,1,
2026-08-16T18-35-14,Get Token (Authentication),Status is 200,1,
2026-08-16T18-35-14,Get Token (Authentication),Token is returned,1,
2026-08-16T18-35-14,Get Token (Authentication),Token saved to environment,1,
2026-08-16T18-35-14,Create Booking,Status is 200,1,
2026-08-16T18-35-14,Create Booking,New booking ID is returned,1,
2026-08-16T18-35-14,Create Booking,Booking data matches what was sent,1,
2026-08-16T18-35-14,Create Booking,New booking ID saved: 2425,1,
2026-08-16T18-35-14,Update Booking - Full Update,Status is 200,1,
2026-08-16T18-35-14,Update Booking - Full Update,Firstname is updated,1,
2026-08-16T18-35-14,Update Booking - Full Update,Price is updated to 200,1,
2026-08-16T18-35-14,Partial Update,Status is 200,1,
2026-08-16T18-35-14,Partial Update,Only firstname is changed,1,
2026-08-16T18-35-14,Delete Booking,Status is 201 (deleted),1,
2026-08-16T18-35-14,Delete Booking,Response confirms deletion,1,
2026-08-16T18-35-14,Verify Deletion (Negative Test),Deleted booking returns 404,1,
2026-08-16T18-35-14,Verify Deletion (Negative Test),Body confirms not found,1,
2026-08-16T18-36-28,Health Check (Ping),Server is up and running,1,
2026-08-16T18-36-28,Health Check (Ping),Response time is under 3 seconds,1,
2026-08-16T18-36-28,Get All Bookings,Status code is 200,1,
2026-08-16T18-36-28,Get All Bookings,Response is an array,1,
2026-08-16T18-36-28,Get All Bookings,Each item has a bookingid,1,
2026-08-16T18-36-28,Get All Bookings,Booking ID saved to environment: 1,1,
2026-08-16T18-36-28,Get Single Booking,Status is 200,1,
2026-08-16T18-36-28,Get Single Booking,Response has required fields,1,
2026-08-16T18-36-28,Get Single Booking,Price is a positive number,1,
2026-08-16T18-36-28,Get Single Booking,Checkin is before checkout,1,
2026-08-16T18-36-28,Get Token (Authentication),Status is 200,1,
2026-08-16T18-36-28,Get Token (Authentication),Token is returned,1,
2026-08-16T18-36-28,Get Token (Authentication),Token saved to environment,1,
2026-08-16T18-36-28,Create Booking,Status is 200,1,
2026-08-16T18-36-28,Create Booking,New booking ID is returned,1,
2026-08-16T18-36-28,Create Booking,Booking data matches what was sent,1,
2026-08-16T18-36-28,Create Booking,New booking ID saved: 2802,1,
2026-08-16T18-36-28,Update Booking - Full Update,Status is 200,1,
2026-08-16T18-36-28,Update Booking - Full Update,Firstname is updated,1,
2026-08-16T18-36-28,Update Booking - Full Update,Price is updated to 200,1,
2026-08-16T18-36-28,Partial Update,Status is 200,1,
2026-08-16T18-36-28,Partial Update,Only firstname is changed,1,
2026-08-16T18-36-28,Delete Booking,Status is 201 (deleted),1,
2026-08-16T18-36-28,Delete Booking,Response confirms deletion,1,
2026-08-16T18-36-28,Verify Deletion (Negative Test),Deleted booking returns 404,1,
2026-08-16T18-36-28,Verify Deletion (Negative Test),Body confirms not found,1,
2026-08-16T18-37-12,Health Check (Ping),Server is up and running,1,
2026-08-16T18-37-12,Health Check (Ping),Response time is under 3 seconds,1,
2026-08-16T18-37-12,Get All Bookings,Status code is 200,1,
2026-08-16T18-37-12,Get All Bookings,Response is an array,1,
2026-08-16T18-37-12,Get All Bookings,Each item has a bookingid,1,
2026-08-16T18-37-12,Get All Bookings,Booking ID saved to environment: 1,1,
2026-08-16T18-37-12,Get Single Booking,Status is 200,1,
2026-08-16T18-37-12,Get Single Booking,Response has required fields,1,
2026-08-16T18-37-12,Get Single Booking,Price is a positive number,1,
2026-08-16T18-37-12,Get Single Booking,Checkin is before checkout,1,
2026-08-16T18-37-12,Get Token (Authentication),Status is 200,1,
2026-08-16T18-37-12,Get Token (Authentication),Token is returned,1,
2026-08-16T18-37-12,Get Token (Authentication),Token saved to environment,1,
2026-08-16T18-37-12,Create Booking,Status is 200,1,
2026-08-16T18-37-12,Create Booking,New booking ID is returned,1,
2026-08-16T18-37-12,Create Booking,Booking data matches what was sent,1,
2026-08-16T18-37-12,Create Booking,New booking ID saved: 3172,1,
2026-08-16T18-37-12,Update Booking - Full Update,Status is 200,1,
2026-08-16T18-37-12,Update Booking - Full Update,Firstname is updated,1,
2026-08-16T18-37-12,Update Booking - Full Update,Price is updated to 200,1,
2026-08-16T18-37-12,Partial Update,Status is 200,1,
2026-08-16T18-37-12,Partial Update,Only firstname is changed,1,
2026-08-16T18-37-12,Delete Booking,Status is 201 (deleted),1,
2026-08-16T18-37-12,Delete Booking,Response confirms deletion,1,
2026-08-16T18-37-12,Verify Deletion (Negative Test),Deleted booking returns 404,1,
2026-08-16T18-37-12,Verify Deletion (Negative Test),Body confirms not found,1,
2026-08-16T18-37-54,Health Check (Ping),Server is up and running,1,
2026-08-16T18-37-54,Health Check (Ping),Response time is under 3 seconds,1,
2026-08-16T18-37-54,Get All Bookings,Status code is 200,1,
2026-08-16T18-37-54,Get All Bookings,Response is an array,1,
2026-08-16T18-37-54,Get All Bookings,Each item has a bookingid,1,
2026-08-16T18-37-54,Get All Bookings,Booking ID saved to environment: 1,1,
2026-08-16T18-37-54,Get Single Booking,Status is 200,1,
2026-08-16T18-37-54,Get Single Booking,Response has required fields,1,
2026-08-16T18-37-54,Get Single Booking,Price is a positive number,1,
2026-08-16T18-37-54,Get Single Booking,Checkin is before checkout,1,
2026-08-16T18-37-54,Get Token (Authentication),Status is 200,1,
2026-08-16T18-37-54,Get Token (Authentication),Token is returned,1,
2026-08-16T18-37-54,Get Token (Authentication),Token saved to environment,1,
2026-08-16T18-37-54,Create Booking,Status is 200,1,
2026-08-16T18-37-54,Create Booking,New booking ID is returned,1,
2026-08-16T18-37-54,Create Booking,Booking data matches what was sent,1,
2026-08-16T18-37-54,Create Booking,New booking ID saved: 3614,1,
2026-08-16T18-37-54,Update Booking - Full Update,Status is 200,1,
2026-08-16T18-37-54,Update Booking - Full Update,Firstname is updated,1,
2026-08-16T18-37-54,Update Booking - Full Update,Price is updated to 200,1,
2026-08-16T18-37-54,Partial Update,Status is 200,1,
2026-08-16T18-37-54,Partial Update,Only firstname is changed,1,
2026-08-16T18-37-54,Delete Booking,Status is 201 (deleted),1,
2026-08-16T18-37-54,Delete Booking,Response confirms deletion,1,
2026-08-16T18-37-54,Verify Deletion (Negative Test),Deleted booking returns 404,1,
2026-08-16T18-37-54,Verify Deletion (Negative Test),Body confirms not found,1,
2026-08-16T18-38-46,Health Check (Ping),Server is up and running,1,
2026-08-16T18-38-46,Health Check (Ping),Response time is under 3 seconds,1,
2026-08-16T18-38-46,Get All Bookings,Status code is 200,1,
2026-08-16T18-38-46,Get All Bookings,Response is an array,1,
2026-08-16T18-38-46,Get All Bookings,Each item has a bookingid,1,
2026-08-16T18-38-46,Get All Bookings,Booking ID saved to environment: 1,1,
2026-08-16T18-38-46,Get Single Booking,Status is 200,1,
2026-08-16T18-38-46,Get Single Booking,Response has required fields,1,
2026-08-16T18-38-46,Get Single Booking,Price is a positive number,1,
2026-08-16T18-38-46,Get Single Booking,Checkin is before checkout,1,
2026-08-16T18-38-46,Get Token (Authentication),Status is 200,1,
2026-08-16T18-38-46,Get Token (Authentication),Token is returned,1,
2026-08-16T18-38-46,Get Token (Authentication),Token saved to environment,1,
2026-08-16T18-38-46,Create Booking,Status is 200,1,
2026-08-16T18-38-46,Create Booking,New booking ID is returned,1,
2026-08-16T18-38-46,Create Booking,Booking data matches what was sent,1,
2026-08-16T18-38-46,Create Booking,New booking ID saved: 3990,1,
2026-08-16T18-38-46,Update Booking - Full Update,Status is 200,1,
2026-08-16T18-38-46,Update Booking - Full Update,Firstname is updated,1,
2026-08-16T18-38-46,Update Booking - Full Update,Price is updated to 200,1,
2026-08-16T18-38-46,Partial Update,Status is 200,1,
2026-08-16T18-38-46,Partial Update,Only firstname is changed,1,
2026-08-16T18-38-46,Delete Booking,Status is 201 (deleted),1,
2026-08-16T18-38-46,Delete Booking,Response confirms deletion,1,
2026-08-16T18-38-46,Verify Deletion (Negative Test),Deleted booking returns 404,1,
2026-08-16T18-38-46,Verify Deletion (Negative Test),Body confirms not found,1,
2026-08-16T18-39-28,Health Check (Ping),Server is up and running,1,
2026-08-16T18-39-28,Health Check (Ping),Response time is under 3 seconds,1,
2026-08-16T18-39-28,Get All Bookings,Status code is 200,1,
2026-08-16T18-39-28,Get All Bookings,Response is an array,1,
2026-08-16T18-39-28,Get All Bookings,Each item has a bookingid,1,
2026-08-16T18-39-28,Get All Bookings,Booking ID saved to environment: 1,1,
2026-08-16T18-39-28,Get Single Booking,Status is 200,1,
2026-08-16T18-39-28,Get Single Booking,Response has required fields,1,
2026-08-16T18-39-28,Get Single Booking,Price is a positive number,1,
2026-08-16T18-39-28,Get Single Booking,Checkin is before checkout,1,
2026-08-16T18-39-28,Get Token (Authentication),Status is 200,1,
2026-08-16T18-39-28,Get Token (Authentication),Token is returned,1,
2026-08-16T18-39-28,Get Token (Authentication),Token saved to environment,1,
2026-08-16T18-39-28,Create Booking,Status is 200,1,
2026-08-16T18-39-28,Create Booking,New booking ID is returned,1,
2026-08-16T18-39-28,Create Booking,Booking data matches what was sent,1,
2026-08-16T18-39-28,Create Booking,New booking ID saved: 4569,1,
2026-08-16T18-39-28,Update Booking - Full Update,Status is 200,1,
2026-08-16T18-39-28,Update Booking - Full Update,Firstname is updated,1,
2026-08-16T18-39-28,Update Booking - Full Update,Price is updated to 200,1,
2026-08-16T18-39-28,Partial Update,Status is 200,1,
2026-08-16T18-39-28,Partial Update,Only firstname is changed,1,
2026-08-16T18-39-28,Delete Booking,Status is 201 (deleted),1,
2026-08-16T18-39-28,Delete Booking,Response confirms deletion,1,
2026-08-16T18-39-28,Verify Deletion (Negative Test),Deleted booking returns 404,1,
2026-08-16T18-39-28,Verify Deletion (Negative Test),Body confirms not found,1,
2026-08-16T18-40-35,Health Check (Ping),Server is up and running,1,
2026-08-16T18-40-35,Health Check (Ping),Response time is under 3 seconds,1,
2026-08-16T18-40-35,Get All Bookings,Status code is 200,1,
2026-08-16T18-40-35,Get All Bookings,Response is an array,1,
2026-08-16T18-40-35,Get All Bookings,Each item has a bookingid,1,
2026-08-16T18-40-35,Get All Bookings,Booking ID saved to environment: 1,1,
2026-08-16T18-40-35,Get Single Booking,Status is 200,1,
2026-08-16T18-40-35,Get Single Booking,Response has required fields,1,
2026-08-16T18-40-35,Get Single Booking,Price is a positive number,1,
2026-08-16T18-40-35,Get Single Booking,Checkin is before checkout,1,
2026-08-16T18-40-35,Get Token (Authentication),Status is 200,1,
2026-08-16T18-40-35,Get Token (Authentication),Token is returned,1,
2026-08-16T18-40-35,Get Token (Authentication),Token saved to environment,1,
2026-08-16T18-40-35,Create Booking,Status is 200,1,
2026-08-16T18-40-35,Create Booking,New booking ID is returned,1,
2026-08-16T18-40-35,Create Booking,Booking data matches what was sent,1,
2026-08-16T18-40-35,Create Booking,New booking ID saved: 47,1,
2026-08-16T18-40-35,Update Booking - Full Update,Status is 200,1,
2026-08-16T18-40-35,Update Booking - Full Update,Firstname is updated,1,
2026-08-16T18-40-35,Update Booking - Full Update,Price is updated to 200,1,
2026-08-16T18-40-35,Partial Update,Status is 200,1,
2026-08-16T18-40-35,Partial Update,Only firstname is changed,1,
2026-08-16T18-40-35,Delete Booking,Status is 201 (deleted),1,
2026-08-16T18-40-35,Delete Booking,Response confirms deletion,1,
2026-08-16T18-40-35,Verify Deletion (Negative Test),Deleted booking returns 404,1,
2026-08-16T18-40-35,Verify Deletion (Negative Test),Body confirms not found,1,
2026-08-16T18-41-19,Health Check (Ping),Server is up and running,1,
2026-08-16T18-41-19,Health Check (Ping),Response time is under 3 seconds,1,
2026-08-16T18-41-19,Get All Bookings,Status code is 200,1,
2026-08-16T18-41-19,Get All Bookings,Response is an array,1,
2026-08-16T18-41-19,Get All Bookings,Each item has a bookingid,1,
2026-08-16T18-41-19,Get All Bookings,Booking ID saved to environment: 1,1,
2026-08-16T18-41-19,Get Single Booking,Status is 200,1,
2026-08-16T18-41-19,Get Single Booking,Response has required fields,1,
2026-08-16T18-41-19,Get Single Booking,Price is a positive number,1,
2026-08-16T18-41-19,Get Single Booking,Checkin is before checkout,1,
2026-08-16T18-41-19,Get Token (Authentication),Status is 200,1,
2026-08-16T18-41-19,Get Token (Authentication),Token is returned,1,
2026-08-16T18-41-19,Get Token (Authentication),Token saved to environment,1,
2026-08-16T18-41-19,Create Booking,Status is 200,1,
2026-08-16T18-41-19,Create Booking,New booking ID is returned,1,
2026-08-16T18-41-19,Create Booking,Booking data matches what was sent,1,
2026-08-16T18-41-19,Create Booking,New booking ID saved: 466,1,
2026-08-16T18-41-19,Update Booking - Full Update,Status is 200,1,
2026-08-16T18-41-19,Update Booking - Full Update,Firstname is updated,1,
2026-08-16T18-41-19,Update Booking - Full Update,Price is updated to 200,1,
2026-08-16T18-41-19,Partial Update,Status is 200,1,
2026-08-16T18-41-19,Partial Update,Only firstname is changed,1,
2026-08-16T18-41-19,Delete Booking,Status is 201 (deleted),1,
2026-08-16T18-41-19,Delete Booking,Response confirms deletion,1,
2026-08-16T18-41-19,Verify Deletion (Negative Test),Deleted booking returns 404,1,
2026-08-16T18-41-19,Verify Deletion (Negative Test),Body confirms not found,1,
2026-08-16T18-42-05,Health Check (Ping),Server is up and running,1,
2026-08-16T18-42-05,Health Check (Ping),Response time is under 3 seconds,1,
2026-08-16T18-42-05,Get All Bookings,Status code is 200,1,
2026-08-16T18-42-05,Get All Bookings,Response is an array,1,
2026-08-16T18-42-05,Get All Bookings,Each item has a bookingid,1,
2026-08-16T18-42-05,Get All Bookings,Booking ID saved to environment: 2,1,
2026-08-16T18-42-05,Get Single Booking,Status is 200,1,
2026-08-16T18-42-05,Get Single Booking,Response has required fields,1,
2026-08-16T18-42-05,Get Single Booking,Price is a positive number,1,
2026-08-16T18-42-05,Get Single Booking,Checkin is before checkout,1,
2026-08-16T18-42-05,Get Token (Authentication),Status is 200,1,
2026-08-16T18-42-05,Get Token (Authentication),Token is returned,1,
2026-08-16T18-42-05,Get Token (Authentication),Token saved to environment,1,
2026-08-16T18-42-05,Create Booking,Status is 200,1,
2026-08-16T18-42-05,Create Booking,New booking ID is returned,1,
2026-08-16T18-42-05,Create Booking,Booking data matches what was sent,1,
2026-08-16T18-42-05,Create Booking,New booking ID saved: 861,1,
2026-08-16T18-42-05,Update Booking - Full Update,Status is 200,1,
2026-08-16T18-42-05,Update Booking - Full Update,Firstname is updated,1,
2026-08-16T18-42-05,Update Booking - Full Update,Price is updated to 200,1,
2026-08-16T18-42-05,Partial Update,Status is 200,1,
2026-08-16T18-42-05,Partial Update,Only firstname is changed,1,
2026-08-16T18-42-05,Delete Booking,Status is 201 (deleted),1,
2026-08-16T18-42-05,Delete Booking,Response confirms deletion,1,
2026-08-16T18-42-05,Verify Deletion (Negative Test),Deleted booking returns 404,1,
2026-08-16T18-42-05,Verify Deletion (Negative Test),Body confirms not found,1,
2026-08-16T18-42-50,Health Check (Ping),Server is up and running,1,
2026-08-16T18-42-50,Health Check (Ping),Response time is under 3 seconds,1,
2026-08-16T18-42-50,Get All Bookings,Status code is 200,1,
2026-08-16T18-42-50,Get All Bookings,Response is an array,1,
2026-08-16T18-42-50,Get All Bookings,Each item has a bookingid,1,
2026-08-16T18-42-50,Get All Bookings,Booking ID saved to environment: 2,1,
2026-08-16T18-42-50,Get Single Booking,Status is 200,1,
2026-08-16T18-42-50,Get Single Booking,Response has required fields,1,
2026-08-16T18-42-50,Get Single Booking,Price is a positive number,1,
2026-08-16T18-42-50,Get Single Booking,Checkin is before checkout,1,
2026-08-16T18-42-50,Get Token (Authentication),Status is 200,1,
2026-08-16T18-42-50,Get Token (Authentication),Token is returned,1,
2026-08-16T18-42-50,Get Token (Authentication),Token saved to environment,1,
2026-08-16T18-42-50,Create Booking,Status is 200,1,
2026-08-16T18-42-50,Create Booking,New booking ID is returned,1,
2026-08-16T18-42-50,Create Booking,Booking data matches what was sent,1,
2026-08-16T18-42-50,Create Booking,New booking ID saved: 1248,1,
2026-08-16T18-42-50,Update Booking - Full Update,Status is 200,1,
2026-08-16T18-42-50,Update Booking - Full Update,Firstname is updated,1,
2026-08-16T18-42-50,Update Booking - Full Update,Price is updated to 200,1,
2026-08-16T18-42-50,Partial Update,Status is 200,1,
2026-08-16T18-42-50,Partial Update,Only firstname is changed,1,
2026-08-16T18-42-50,Delete Booking,Status is 201 (deleted),1,
2026-08-16T18-42-50,Delete Booking,Response confirms deletion,1,
2026-08-16T18-42-50,Verify Deletion (Negative Test),Deleted booking returns 404,1,
2026-08-16T18-42-50,Verify Deletion (Negative Test),Body confirms not found,1,
2026-08-16T18-43-35,Health Check (Ping),Server is up and running,1,
2026-08-16T18-43-35,Health Check (Ping),Response time is under 3 seconds,1,
2026-08-16T18-43-35,Get All Bookings,Status code is 200,1,
2026-08-16T18-43-35,Get All Bookings,Response is an array,1,
2026-08-16T18-43-35,Get All Bookings,Each item has a bookingid,1,
2026-08-16T18-43-35,Get All Bookings,Booking ID saved to environment: 2,1,
2026-08-16T18-43-35,Get Single Booking,Status is 200,1,
2026-08-16T18-43-35,Get Single Booking,Response has required fields,1,
2026-08-16T18-43-35,Get Single Booking,Price is a positive number,1,
2026-08-16T18-43-35,Get Single Booking,Checkin is before checkout,1,
2026-08-16T18-43-35,Get Token (Authentication),Status is 200,1,
2026-08-16T18-43-35,Get Token (Authentication),Token is returned,1,
2026-08-16T18-43-35,Get Token (Authentication),Token saved to environment,1,
2026-08-16T18-43-35,Create Booking,Status is 200,1,
2026-08-16T18-43-35,Create Booking,New booking ID is returned,1,
2026-08-16T18-43-35,Create Booking,Booking data matches what was sent,1,
2026-08-16T18-43-35,Create Booking,New booking ID saved: 1642,1,
2026-08-16T18-43-35,Update Booking - Full Update,Status is 200,1,
2026-08-16T18-43-35,Update Booking - Full Update,Firstname is updated,1,
2026-08-16T18-43-35,Update Booking - Full Update,Price is updated to 200,1,
2026-08-16T18-43-35,Partial Update,Status is 200,1,
2026-08-16T18-43-35,Partial Update,Only firstname is changed,1,
2026-08-16T18-43-35,Delete Booking,Status is 201 (deleted),1,
2026-08-16T18-43-35,Delete Booking,Response confirms deletion,1,
2026-08-16T18-43-35,Verify Deletion (Negative Test),Deleted booking returns 404,1,
2026-08-16T18-43-35,Verify Deletion (Negative Test),Body confirms not found,1,
2026-08-16T18-44-20,Health Check (Ping),Server is up and running,1,
2026-08-16T18-44-20,Health Check (Ping),Response time is under 3 seconds,1,
2026-08-16T18-44-20,Get All Bookings,Status code is 200,1,
2026-08-16T18-44-20,Get All Bookings,Response is an array,1,
2026-08-16T18-44-20,Get All Bookings,Each item has a bookingid,1,
2026-08-16T18-44-20,Get All Bookings,Booking ID saved to environment: 2,1,
2026-08-16T18-44-20,Get Single Booking,Status is 200,1,
2026-08-16T18-44-20,Get Single Booking,Response has required fields,1,
2026-08-16T18-44-20,Get Single Booking,Price is a positive number,1,
2026-08-16T18-44-20,Get Single Booking,Checkin is before checkout,1,
2026-08-16T18-44-20,Get Token (Authentication),Status is 200,1,
2026-08-16T18-44-20,Get Token (Authentication),Token is returned,1,
2026-08-16T18-44-20,Get Token (Authentication),Token saved to environment,1,
2026-08-16T18-44-20,Create Booking,Status is 200,1,
2026-08-16T18-44-20,Create Booking,New booking ID is returned,1,
2026-08-16T18-44-20,Create Booking,Booking data matches what was sent,1,
2026-08-16T18-44-20,Create Booking,New booking ID saved: 1902,1,
2026-08-16T18-44-20,Update Booking - Full Update,Status is 200,1,
2026-08-16T18-44-20,Update Booking - Full Update,Firstname is updated,1,
2026-08-16T18-44-20,Update Booking - Full Update,Price is updated to 200,1,
2026-08-16T18-44-20,Partial Update,Status is 200,1,
2026-08-16T18-44-20,Partial Update,Only firstname is changed,1,
2026-08-16T18-44-20,Delete Booking,Status is 201 (deleted),1,
2026-08-16T18-44-20,Delete Booking,Response confirms deletion,1,
2026-08-16T18-44-20,Verify Deletion (Negative Test),Deleted booking returns 404,1,
2026-08-16T18-44-20,Verify Deletion (Negative Test),Body confirms not found,1,
2026-08-16T18-44-50,Health Check (Ping),Server is up and running,1,
2026-08-16T18-44-50,Health Check (Ping),Response time is under 3 seconds,1,
2026-08-16T18-44-50,Get All Bookings,Status code is 200,1,
2026-08-16T18-44-50,Get All Bookings,Response is an array,1,
2026-08-16T18-44-50,Get All Bookings,Each item has a bookingid,1,
2026-08-16T18-44-50,Get All Bookings,Booking ID saved to environment: 3,1,
2026-08-16T18-44-50,Get Single Booking,Status is 200,1,
2026-08-16T18-44-50,Get Single Booking,Response has required fields,1,
2026-08-16T18-44-50,Get Single Booking,Price is a positive number,1,
2026-08-16T18-44-50,Get Single Booking,Checkin is before checkout,1,
2026-08-16T18-44-50,Get Token (Authentication),Status is 200,1,
2026-08-16T18-44-50,Get Token (Authentication),Token is returned,1,
2026-08-16T18-44-50,Get Token (Authentication),Token saved to environment,1,
2026-08-16T18-44-50,Create Booking,Status is 200,1,
2026-08-16T18-44-50,Create Booking,New booking ID is returned,1,
2026-08-16T18-44-50,Create Booking,Booking data matches what was sent,1,
2026-08-16T18-44-50,Create Booking,New booking ID saved: 2287,1,
2026-08-16T18-44-50,Update Booking - Full Update,Status is 200,1,
2026-08-16T18-44-50,Update Booking - Full Update,Firstname is updated,1,
2026-08-16T18-44-50,Update Booking - Full Update,Price is updated to 200,1,
2026-08-16T18-44-50,Partial Update,Status is 200,1,
2026-08-16T18-44-50,Partial Update,Only firstname is changed,1,
2026-08-16T18-44-50,Delete Booking,Status is 201 (deleted),1,
2026-08-16T18-44-50,Delete Booking,Response confirms deletion,1,
2026-08-16T18-44-50,Verify Deletion (Negative Test),Deleted booking returns 404,1,
2026-08-16T18-44-50,Verify Deletion (Negative Test),Body confirms not found,1,
2026-08-16T18-45-35,Health Check (Ping),Server is up and running,1,
2026-08-16T18-45-35,Health Check (Ping),Response time is under 3 seconds,1,
2026-08-16T18-45-35,Get All Bookings,Status code is 200,1,
2026-08-16T18-45-35,Get All Bookings,Response is an array,1,
2026-08-16T18-45-35,Get All Bookings,Each item has a bookingid,1,
2026-08-16T18-45-35,Get All Bookings,Booking ID saved to environment: 3,1,
2026-08-16T18-45-35,Get Single Booking,Status is 200,1,
2026-08-16T18-45-35,Get Single Booking,Response has required fields,1,
2026-08-16T18-45-35,Get Single Booking,Price is a positive number,1,
2026-08-16T18-45-35,Get Single Booking,Checkin is before checkout,1,
2026-08-16T18-45-35,Get Token (Authentication),Status is 200,1,
2026-08-16T18-45-35,Get Token (Authentication),Token is returned,1,
2026-08-16T18-45-35,Get Token (Authentication),Token saved to environment,1,
2026-08-16T18-45-35,Create Booking,Status is 200,1,
2026-08-16T18-45-35,Create Booking,New booking ID is returned,1,
2026-08-16T18-45-35,Create Booking,Booking data matches what was sent,1,
2026-08-16T18-45-35,Create Booking,New booking ID saved: 2768,1,
2026-08-16T18-45-35,Update Booking - Full Update,Status is 200,1,
2026-08-16T18-45-35,Update Booking - Full Update,Firstname is updated,1,
2026-08-16T18-45-35,Update Booking - Full Update,Price is updated to 200,1,
2026-08-16T18-45-35,Partial Update,Status is 200,1,
2026-08-16T18-45-35,Partial Update,Only firstname is changed,1,
2026-08-16T18-45-35,Delete Booking,Status is 201 (deleted),1,
2026-08-16T18-45-35,Delete Booking,Response confirms deletion,1,
2026-08-16T18-45-35,Verify Deletion (Negative Test),Deleted booking returns 404,1,
2026-08-16T18-45-35,Verify Deletion (Negative Test),Body confirms not found,1,
2026-08-16T18-46-30,Health Check (Ping),Server is up and running,1,
2026-08-16T18-46-30,Health Check (Ping),Response time is under 3 seconds,1,
2026-08-16T18-46-30,Get All Bookings,Status code is 200,1,
2026-08-16T18-46-30,Get All Bookings,Response is an array,1,
2026-08-16T18-46-30,Get All Bookings,Each item has a bookingid,1,
2026-08-16T18-46-30,Get All Bookings,Booking ID saved to environment: 3,1,
2026-08-16T18-46-30,Get Single Booking,Status is 200,1,
2026-08-16T18-46-30,Get Single Booking,Response has required fields,1,
2026-08-16T18-46-30,Get Single Booking,Price is a positive number,1,
2026-08-16T18-46-30,Get Single Booking,Checkin is before checkout,1,
2026-08-16T18-46-30,Get Token (Authentication),Status is 200,1,
2026-08-16T18-46-30,Get Token (Authentication),Token is returned,1,
2026-08-16T18-46-30,Get Token (Authentication),Token saved to environment,1,
2026-08-16T18-46-30,Create Booking,Status is 200,1,
2026-08-16T18-46-30,Create Booking,New booking ID is returned,1,
2026-08-16T18-46-30,Create Booking,Booking data matches what was sent,1,
2026-08-16T18-46-30,Create Booking,New booking ID saved: 3147,1,
2026-08-16T18-46-30,Update Booking - Full Update,Status is 200,1,
2026-08-16T18-46-30,Update Booking - Full Update,Firstname is updated,1,
2026-08-16T18-46-30,Update Booking - Full Update,Price is updated to 200,1,
2026-08-16T18-46-30,Partial Update,Status is 200,1,
2026-08-16T18-46-30,Partial Update,Only firstname is changed,1,
2026-08-16T18-46-30,Delete Booking,Status is 201 (deleted),1,
2026-08-16T18-46-30,Delete Booking,Response confirms deletion,1,
2026-08-16T18-46-30,Verify Deletion (Negative Test),Deleted booking returns 404,1,
2026-08-16T18-46-30,Verify Deletion (Negative Test),Body confirms not found,1,
