run_id,run_started,run_seq
2026-08-16T18-35-14,2026-08-16 18:35:14,1
2026-08-16T18-36-28,2026-08-16 18:36:28,2
2026-08-16T18-37-12,2026-08-16 18:37:12,3
2026-08-16T18-37-54,2026-08-16 18:37:54,4
2026-08-16T18-38-46,2026-08-16 18:38:46,5
2026-08-16T18-39-28,2026-08-16 18:39:28,6
2026-08-16T18-40-35,2026-08-16 18:40:35,7
2026-08-16T18-41-19,2026-08-16 18:41:19,8
2026-08-16T18-42-05,2026-08-16 18:42:05,9
2026-08-16T18-42-50,2026-08-16 18:42:50,10
2026-08-16T18-43-35,2026-08-16 18:43:35,11
2026-08-16T18-44-20,2026-08-16 18:44:20,12
2026-08-16T18-44-50,2026-08-16 18:44:50,13
2026-08-16T18-45-35,2026-08-16 18:45:35,14
2026-08-16T18-46-30,2026-08-16 18:46:30,15
