run_id,suite_type,started_at,duration_ms,passed,failed,flaky,skipped,total_items
2026-08-16T18-35-14,API (Newman),2026-08-16T13:06:21.611Z,4824,26,0,,0,9
2026-08-16T18-36-28,API (Newman),2026-08-16T13:07:04.138Z,5961,26,0,,0,9
2026-08-16T18-37-12,API (Newman),2026-08-16T13:07:47.186Z,5467,26,0,,0,9
2026-08-16T18-37-54,API (Newman),2026-08-16T13:08:39.123Z,5208,26,0,,0,9
2026-08-16T18-38-46,API (Newman),2026-08-16T13:09:21.790Z,4943,26,0,,0,9
2026-08-16T18-39-28,API (Newman),2026-08-16T13:10:26.604Z,6671,26,0,,0,9
2026-08-16T18-40-35,API (Newman),2026-08-16T13:11:11.582Z,6212,26,0,,0,9
2026-08-16T18-41-19,API (Newman),2026-08-16T13:11:58.526Z,4998,26,0,,0,9
2026-08-16T18-42-05,API (Newman),2026-08-16T13:12:43.736Z,4730,26,0,,0,9
2026-08-16T18-42-50,API (Newman),2026-08-16T13:13:27.024Z,6256,26,0,,0,9
2026-08-16T18-43-35,API (Newman),2026-08-16T13:14:12.069Z,6332,26,0,,0,9
2026-08-16T18-44-20,API (Newman),2026-08-16T13:14:42.902Z,5093,26,0,,0,9
2026-08-16T18-44-50,API (Newman),2026-08-16T13:15:26.786Z,6209,26,0,,0,9
2026-08-16T18-45-35,API (Newman),2026-08-16T13:16:22.063Z,6301,26,0,,0,9
2026-08-16T18-46-30,API (Newman),2026-08-16T13:17:05.783Z,6227,26,0,,0,9
2026-08-16T18-35-14,UI (Playwright),2026-08-16T13:05:29.145Z,22197.968,4,0,0,0,4
2026-08-16T18-36-28,UI (Playwright),2026-08-16T13:06:29.686Z,32860.37100000001,3,1,0,0,4
2026-08-16T18-37-12,UI (Playwright),2026-08-16T13:07:13.417Z,32010.845,3,1,0,0,4
2026-08-16T18-37-54,UI (Playwright),2026-08-16T13:07:55.921Z,41566.183000000005,3,1,0,0,4
2026-08-16T18-38-46,UI (Playwright),2026-08-16T13:08:47.639Z,32413.151,3,1,0,0,4
2026-08-16T18-39-28,UI (Playwright),2026-08-16T13:09:30.054Z,54603.659999999996,3,1,0,0,4
2026-08-16T18-40-35,UI (Playwright),2026-08-16T13:10:36.701Z,33153.135,3,1,0,0,4
2026-08-16T18-41-19,UI (Playwright),2026-08-16T13:11:21.152Z,35550.934,3,1,0,0,4
2026-08-16T18-42-05,UI (Playwright),2026-08-16T13:12:06.874Z,35197.299999999996,3,1,0,0,4
2026-08-16T18-42-50,UI (Playwright),2026-08-16T13:12:51.823Z,33528.572,3,1,0,0,4
2026-08-16T18-43-35,UI (Playwright),2026-08-16T13:13:36.748Z,33606.949,3,1,0,0,4
2026-08-16T18-44-20,UI (Playwright),2026-08-16T13:14:21.875Z,19316.309,4,0,0,0,4
2026-08-16T18-44-50,UI (Playwright),2026-08-16T13:14:51.481Z,33641.552,3,1,0,0,4
2026-08-16T18-45-35,UI (Playwright),2026-08-16T13:15:36.400Z,43925.432,3,1,0,0,4
2026-08-16T18-46-30,UI (Playwright),2026-08-16T13:16:31.919Z,32223.617000000002,3,1,0,0,4
